,기간,한국 수출금액,한국의대중국수출,한국의대미국수출,한국의대베트남수출,한국의대홍콩수출,한국의대일본수출,GDP,Growth_rate
0,2000.01,0.021596739120700478,0.0,0.031762323687898796,0.0009589215311704927,0.019499242961819572,0.040226692724231114,0.0,1.0
1,2000.02,0.031332202014723524,0.002686687787466918,0.026611807623904686,0.0011294904982446109,0.02285431797643724,0.037565638970850315,0.0,1.0
2,2000.03,0.06457229557572623,0.014330259695504305,0.063052007849647,0.0035563598028565957,0.029916993242834644,0.05899182405811067,0.0,1.0
3,2000.04,0.04736782499332663,0.009332819925216548,0.039954585769820104,0.004778922270588909,0.026016966605387035,0.04273462812060631,0.02139877363628295,0.7735849056603774
4,2000.05,0.06849689952423492,0.030340600791938677,0.08351001704395107,0.0047959937068776885,0.027937600027897178,0.0498841571784409,0.02139877363628295,0.7735849056603774
5,2000.06,0.08013857880604656,0.0284783534653167,0.08794784170204546,0.0039658479167487635,0.027651497499181596,0.04983461191618212,0.02139877363628295,0.7735849056603774
6,2000.07,0.06506422220449147,0.0263345163483147,0.09173764928684165,0.002736881088169083,0.026641428434703227,0.04782411320299272,0.036967718880031024,0.7735849056603774
7,2000.08,0.07134247728454722,0.03193077542562624,0.09278432577142738,0.001686445335494325,0.030886053846606837,0.05045111174156515,0.036967718880031024,0.7735849056603774
8,2000.09,0.07791026170328606,0.02531715762148372,0.11542865542544073,0.00212791319751446,0.032511995342158845,0.06842604450353985,0.036967718880031024,0.7735849056603774
9,2000.1,0.08008414243858046,0.027257117998485583,0.11178712734273993,0.002039796132155717,0.035581898338818224,0.05817836479779935,0.0534787451331165,0.5723270440251573
10,2000.11,0.07517487890009981,0.034964801366580936,0.09874975981624279,0.0035963796629652992,0.03253503444688985,0.06662916565237441,0.0534787451331165,0.5723270440251573
11,2000.12,0.0749376954352615,0.026478308582321933,0.12207205185940923,0.003870228465987781,0.028303892940760564,0.06133504033652461,0.0534787451331165,0.5723270440251573
12,2001.01,0.030742459356687422,0.00027419180144795663,0.040450073926983264,0.0,0.01309578263916562,0.04543516632294804,0.03546285012405941,0.5220125786163522
13,2001.02,0.04418407697968645,0.019742707250731836,0.021798935876872618,0.002601438617894563,0.021132184921278278,0.039828679791911445,0.03546285012405941,0.5220125786163522
14,2001.03,0.05879468366532091,0.02635760523884341,0.05454152145488862,0.004164773826132529,0.025170573247070754,0.04716421689826182,0.03546285012405941,0.5220125786163522
15,2001.04,0.020813628807009373,0.021605022839655152,0.01484281387480518,0.004085407518104793,0.025610811591420465,0.02515535166759364,0.06392482396833842,0.509433962264151
16,2001.05,0.04329103445875892,0.02587877050091021,0.022638604661306735,0.004402583244707919,0.031944421003860496,0.03440214673961296,0.06392482396833842,0.509433962264151
17,2001.06,0.03618268251556472,0.02921751155768837,0.03734087036437086,0.004353403834173314,0.020272713813974195,0.02967614660935003,0.06392482396833842,0.509433962264151
18,2001.07,0.006998446196702672,0.021052660317238195,0.015449842094765544,0.00254160820841276,0.012715694173146396,0.012264565405664896,0.07278043895304363,0.42138364779874216
19,2001.08,0.014086281755839643,0.017984861833072283,0.029598208486850124,0.002379324616315119,0.012757608087129075,0.012613407661963574,0.07278043895304363,0.42138364779874216
20,2001.09,0.026996911591775134,0.01987412394772803,0.05288209380008786,0.00272210164550752,0.018843186469214467,0.019697367535667087,0.07278043895304363,0.42138364779874216
21,2001.1,0.02014867013578375,0.017747993206895865,0.03029165368271474,0.002866621097333653,0.02033219680880498,0.014459517974427585,0.08783688356820273,0.5723270440251573
22,2001.11,0.025132589462685616,0.02003376515698921,0.04119720952042679,0.004081642917607499,0.01883373963781933,0.022178919369648706,0.08783688356820273,0.5723270440251573
23,2001.12,0.01689687509431048,0.018943727919435993,0.01021381061170845,0.003979073469785498,0.018397720296439147,0.008666800731361765,0.08783688356820273,0.5723270440251573
24,2002.01,0.006801748524537602,0.016748156838649803,0.021231492510238672,0.0020200318830859553,0.013743775457200468,0.0,0.08134396067761361,0.6540880503144655
25,2002.02,0.0,0.005647548166533747,0.0,0.0015503167847526946,0.00948241245384311,0.0009022770729202739,0.08134396067761361,0.6540880503144655
26,2002.03,0.04223646637683164,0.03838933799958075,0.044378554248472556,0.004326644831082641,0.024898496300795978,0.01130669562335053,0.08134396067761361,0.6540880503144655
27,2002.04,0.04097051018959682,0.0440911622803794,0.04517019951099368,0.006601070965705872,0.024459306503246445,0.01072872710787566,0.11400490887867218,0.6792452830188679
28,2002.05,0.059709916193466536,0.05009516817449666,0.052777922439592076,0.01198480792543395,0.028736807652215132,0.018461306039008807,0.11400490887867218,0.6792452830188679
29,2002.06,0.035465199568967785,0.04275747824657847,0.010531381432772683,0.006636638215670863,0.03204470926014817,0.013424588728922479,0.11400490887867218,0.6792452830188679
30,2002.07,0.044963212154050185,0.05497145377239987,0.04091177528760178,0.0047204872364989756,0.029224736022435194,0.020061696682790578,0.12007814832131977,0.7169811320754718
31,2002.08,0.05565234802533835,0.056689234960862145,0.04432587356484748,0.004872974584693832,0.025469208061285775,0.015330253234968588,0.12007814832131977,0.7169811320754718
32,2002.09,0.05454641021706068,0.06184678931076243,0.044336277257849964,0.00516039368509499,0.023347943015856718,0.01883947358994223,0.12007814832131977,0.7169811320754718
33,2002.1,0.07698677590579271,0.08772822090726409,0.07827550551647068,0.007988752726197389,0.028174071341403456,0.028742430192973775,0.15300203395343423,0.6918238993710693
34,2002.11,0.07910785737109748,0.08228263501735086,0.07063788294866925,0.007791196405508773,0.028027867306140097,0.034001753954408756,0.15300203395343423,0.6918238993710693
35,2002.12,0.07587902335669953,0.09182735643709508,0.06436922380081901,0.007225848287853411,0.027401833381759708,0.02945678856856039,0.15300203395343423,0.6918238993710693
36,2003.01,0.06249159917788093,0.07475109099904134,0.031996836623742635,0.0041908705419675275,0.027568252841781757,0.02761690805906436,0.11838657526537164,0.46540880503144655
37,2003.02,0.04386318919417553,0.0810989663577017,0.010755702440741725,0.004727130494050375,0.028411135493956588,0.013858552551131595,0.11838657526537164,0.46540880503144655
38,2003.03,0.08256308400313105,0.10094579155189318,0.0446994391334399,0.010139806815320512,0.04288572873393136,0.02564029086533627,0.11838657526537164,0.46540880503144655
39,2003.04,0.08904069786091072,0.09391723854910014,0.05014316755132982,0.010239885949882661,0.04816491468208139,0.02845049744457881,0.1427857244501318,0.3459119496855346
40,2003.05,0.06924251266887126,0.08788366153945876,0.033958132543638185,0.009104030446048522,0.0466247045773272,0.02397120322615011,0.1427857244501318,0.3459119496855346
41,2003.06,0.08782257686242916,0.09741699336232623,0.04971920903093015,0.008578655052220826,0.04944795575249362,0.02140230480990614,0.1427857244501318,0.3459119496855346
42,2003.07,0.08356510496928753,0.12260951096829903,0.02131947762501701,0.006388175611745064,0.04537901703996651,0.026501180772511318,0.15260000449374253,0.33333333333333337
43,2003.08,0.0824951912095969,0.1306511549218309,0.029485688232813077,0.00445313861022938,0.0525495070725133,0.019722057932652665,0.15260000449374253,0.33333333333333337
44,2003.09,0.11369108149301352,0.14453427520716314,0.07123834431438077,0.0062836465035842545,0.059144532722002034,0.03097850606595723,0.15260000449374253,0.33333333333333337
45,2003.1,0.1498676640676436,0.1634191628658559,0.10753471600493542,0.00928514900154433,0.07883433782514777,0.05427830595391937,0.19541734563192187,0.4528301886792453
46,2003.11,0.1368348659581025,0.15688593622009625,0.08781507155853653,0.008226027376269218,0.0782125146855278,0.05209287741022446,0.19541734563192187,0.4528301886792453
47,2003.12,0.16501290494850926,0.18394053336778216,0.11189503416210356,0.009907873805522478,0.1010173111840188,0.04938272704011555,0.19541734563192187,0.4528301886792453
48,2004.01,0.15095671571272792,0.14784661526953918,0.03500333744162198,0.00442585686385282,0.09765913411773719,0.04032139205878364,0.16334432873652013,0.5660377358490566
49,2004.02,0.15379702613574522,0.17376268463214944,0.07699558288041959,0.008038621110968064,0.08731009789467305,0.054866167172144195,0.16334432873652013,0.5660377358490566
50,2004.03,0.19242454496932787,0.19814680582818367,0.1176144575665582,0.012569886145685357,0.1176461426970078,0.06930878894382554,0.16334432873652013,0.5660377358490566
51,2004.04,0.19827209873193996,0.20291906095477663,0.11855119053587004,0.013659846859670909,0.11134666270137858,0.061801942980288474,0.19575972601010233,0.6226415094339623
52,2004.05,0.18596865513670838,0.21703381543079192,0.11988714421939006,0.012504058432189708,0.09182998206948632,0.06549418124994423,0.19575972601010233,0.6226415094339623
53,2004.06,0.20156556681194476,0.20404485083847523,0.17067785480949732,0.009096238940974324,0.06900732716084342,0.051970061283007005,0.19575972601010233,0.6226415094339623
54,2004.07,0.1891821463355009,0.22999750454150047,0.12584542940400073,0.009479545583753992,0.06041356770807748,0.06327531610911925,0.20551141464082695,0.5283018867924529
55,2004.08,0.1663450524427255,0.20316724403967878,0.11164395239216379,0.008169578175050674,0.06729130571387425,0.04452594961099553,0.20551141464082695,0.5283018867924529
56,2004.09,0.18590940968049238,0.20785530226054028,0.12519646416882224,0.014202317740222731,0.06571577020116874,0.054550203761513885,0.20551141464082695,0.5283018867924529
57,2004.1,0.2206373418920053,0.23528324330108774,0.1643034919980244,0.01462427227509481,0.05669404412398072,0.06758554291735415,0.23468677010120548,0.4088050314465409
58,2004.11,0.22847175885812265,0.2293428174673413,0.14313829654843058,0.013757022000624073,0.057606848185712496,0.07923020945937849,0.23468677010120548,0.4088050314465409
59,2004.12,0.23075757508375377,0.22736561564552837,0.1428824388760518,0.015647321784180608,0.05557133459318,0.07913740758056763,0.23468677010120548,0.4088050314465409
60,2005.01,0.21667082543143268,0.2299096016236833,0.11243285046402585,0.01084057637519596,0.04666305299710756,0.06626570295850835,0.19160301423125442,0.389937106918239
61,2005.02,0.1777581959950654,0.2007844707214168,0.06275974653563189,0.00920676599620875,0.04032176640763843,0.05417077226531487,0.19160301423125442,0.389937106918239
62,2005.03,0.24507394038995955,0.2740215520076995,0.14663491461765688,0.013329945623307108,0.06318103327681492,0.08381681907361065,0.19160301423125442,0.389937106918239
63,2005.04,0.2246029693397858,0.26224985977005866,0.11080105848332344,0.014505540613190844,0.0541205427934373,0.070667343134986,0.2231338396996469,0.44654088050314467
64,2005.05,0.2293454044209764,0.2728605490548418,0.07257043349320765,0.012287046145284393,0.05356272016597869,0.08560314483976296,0.2231338396996469,0.44654088050314467
65,2005.06,0.24043148789682545,0.29747579981090155,0.09408736450685262,0.016929700899915676,0.05911615967726284,0.07783215244607734,0.2231338396996469,0.44654088050314467
66,2005.07,0.23148385757381618,0.29109811899074794,0.09347599032058047,0.012475096499249766,0.055032131285353926,0.07229849736152814,0.24155310159174775,0.5157232704402516
67,2005.08,0.23352042776050208,0.2968778784756673,0.09165798335721316,0.00958820242826342,0.05725493512455996,0.06878039952316077,0.24155310159174775,0.5157232704402516
68,2005.09,0.25581538824410976,0.30520240055532877,0.11774394762513674,0.013581983125098467,0.06910920274005337,0.07966184409659093,0.24155310159174775,0.5157232704402516
69,2005.1,0.2716152062186288,0.301851514408831,0.12393951855973795,0.01056959137454693,0.07800024011625038,0.08079665197080492,0.2741025086852273,0.5345911949685535
70,2005.11,0.28058919855157655,0.3045995164161056,0.15520339299939617,0.013524159640848464,0.07882136852429224,0.08704998612573613,0.2741025086852273,0.5345911949685535
71,2005.12,0.2769029682706959,0.30121577561688473,0.130560821048675,0.010658975267649801,0.07374597748444013,0.0933964412214811,0.2741025086852273,0.5345911949685535
72,2006.01,0.2319073741735121,0.25273053809341184,0.09221239300265428,0.009254344316531512,0.0705670571236953,0.08518812530374019,0.22539087534893382,0.6037735849056605
73,2006.02,0.24193610245110697,0.2553579448569063,0.08153420569684001,0.007970440634697065,0.07163917761506967,0.08147138716778247,0.22539087534893382,0.6037735849056605
74,2006.03,0.2998083626154874,0.31825915606341476,0.14806014600949874,0.014999029759780924,0.08735242110769868,0.09110995484706814,0.22539087534893382,0.6037735849056605
75,2006.04,0.27611456984537136,0.29726703781515507,0.1180047899014044,0.01392179950711627,0.06982054731515237,0.07172409065287692,0.25254511663936546,0.5031446540880503
76,2006.05,0.3205516501570975,0.3213108234498352,0.11589826506702006,0.018352810366402406,0.08273294029529553,0.10162816108986718,0.25254511663936546,0.5031446540880503
77,2006.06,0.3208226625659766,0.3365392880758439,0.1410991776404013,0.016985757320227564,0.0894591969670072,0.10594477650361943,0.25254511663936546,0.5031446540880503
78,2006.07,0.2796065462251894,0.3125387456521141,0.12309349821405413,0.012806916754575006,0.07152288487992504,0.08275007330836003,0.2751205553409735,0.5220125786163522
79,2006.08,0.3082820382353818,0.3534732919716195,0.11914700439509673,0.02137104907359389,0.08577672936844906,0.09517873225354366,0.2751205553409735,0.5220125786163522
80,2006.09,0.3530919234703682,0.3635431324505817,0.14491015440370686,0.01741107447893559,0.10525648268617505,0.10644646281425303,0.2751205553409735,0.5220125786163522
81,2006.1,0.3220955343333396,0.34191267811132753,0.09623279387239958,0.012762468206145983,0.09373964603593328,0.08768612064798147,0.30613968263478825,0.5031446540880503
82,2006.11,0.3711190726763982,0.36917206988950163,0.16352386888596782,0.016268448520327827,0.09491514942275686,0.10363232696459145,0.30613968263478825,0.5031446540880503
83,2006.12,0.336490178066955,0.3508129631437212,0.13906018230071265,0.017277776162847487,0.08393610367636027,0.11045969024718873,0.30613968263478825,0.5031446540880503
84,2007.01,0.3235475011603647,0.36622708272837523,0.1269991491221466,0.019186486554660903,0.08566560258344953,0.07743779092018487,0.26797122506909127,0.509433962264151
85,2007.02,0.28815084159276405,0.30105906833976526,0.13334830575606932,0.019358354952609416,0.06037995998640506,0.07879639934055434,0.26797122506909127,0.509433962264151
86,2007.03,0.3670158981823629,0.36489984717828683,0.1663522891572728,0.018400579353946553,0.07199931218875015,0.0931597816348426,0.26797122506909127,0.509433962264151
87,2007.04,0.3586496056484447,0.3745077169684588,0.14642870542336378,0.02274216284928946,0.06858973884542187,0.08538752642903906,0.3101241342858641,0.5723270440251573
88,2007.05,0.3794134131944575,0.3793890668068548,0.16017544267908218,0.024808052417675357,0.07435398194711977,0.0882713011626204,0.3101241342858641,0.5723270440251573
89,2007.06,0.39761385901248764,0.37661211272318135,0.1465569639762787,0.022273192092638346,0.0810568028646539,0.09781626841775772,0.3101241342858641,0.5723270440251573
90,2007.07,0.36363445458908106,0.4008163755853802,0.14177292951493975,0.027973572454093105,0.08584015516996606,0.08773622341888455,0.33024031892732225,0.5471698113207547
91,2007.08,0.3786217441187067,0.4198452257439657,0.11587822684983712,0.020211613018187302,0.07616427124819401,0.08518909754442476,0.33024031892732225,0.5471698113207547
92,2007.09,0.34688023805182766,0.41105497075158515,0.08775625033607966,0.026376560205773947,0.08224563014388579,0.07428310300337863,0.33024031892732225,0.5471698113207547
93,2007.1,0.443743959386292,0.46114741275801613,0.18163209815167092,0.030394753573522004,0.10685024747586211,0.1058032136626025,0.3757046883643098,0.6289308176100629
94,2007.11,0.4697892193477204,0.4754131893176366,0.16839090376535748,0.02957200444976936,0.10153394245533276,0.11900928789822242,0.3757046883643098,0.6289308176100629
95,2007.12,0.41714035494268226,0.4298520263775088,0.14725052986248355,0.03593032054574948,0.08590057568520311,0.11707009938079892,0.3757046883643098,0.6289308176100629
96,2008.01,0.40281627238676004,0.4277077751500557,0.12889776182153767,0.03685028635211634,0.06646670108394102,0.10355402549063607,0.3190808584760007,0.5660377358490566
97,2008.02,0.38203464256236125,0.36880070872232107,0.10130123131402591,0.03208256881924136,0.06317106096345952,0.09703899379950841,0.3190808584760007,0.5660377358490566
98,2008.03,0.47327466210333474,0.5035161466970637,0.16887863988913104,0.05664361863588953,0.09164821679589792,0.11029807320186129,0.3190808584760007,0.5660377358490566
99,2008.04,0.5085014080917086,0.5253868934103183,0.18267938421531332,0.04944406962769823,0.10386816804878957,0.11648975562596926,0.36688759117215003,0.47798742138364786
100,2008.05,0.537557257084769,0.5443491153805788,0.14877621386692358,0.03391636487011098,0.09669097316615272,0.11861213818159545,0.36688759117215003,0.47798742138364786
101,2008.06,0.49728707033301517,0.5300718765669075,0.18082020643471064,0.04482140766557846,0.09993077079730675,0.12485221119050581,0.36688759117215003,0.47798742138364786
102,2008.07,0.5674689937134639,0.5476572812351264,0.1744471398374915,0.048721620400926285,0.1338481356556338,0.12650882133621094,0.3820710910057745,0.4528301886792453
103,2008.08,0.4850043358720664,0.5177059055640001,0.11899684026691981,0.028560920868245576,0.09588940200100307,0.09291476921217286,0.3820710910057745,0.4528301886792453
104,2008.09,0.5005035851268261,0.4859142164558064,0.1454013352154671,0.028665903269237264,0.10263610573817195,0.10060674082596203,0.3820710910057745,0.4528301886792453
105,2008.1,0.4944918613209172,0.4417852364351747,0.2011872864126454,0.026007082756235797,0.09344083267709637,0.1123673855157037,0.38867929978932914,0.09433962264150945
106,2008.11,0.33774563557455306,0.28786518443016074,0.11423746915511634,0.017402125916419764,0.08009406158027872,0.08276103343619721,0.38867929978932914,0.09433962264150945
107,2008.12,0.3050729010043176,0.2466467081921817,0.11359704285434552,0.02560213927434022,0.04292717711053802,0.07630622255322693,0.38867929978932914,0.09433962264150945
108,2009.01,0.19163888007542634,0.22900386260495448,0.03344875710606084,0.015768325955000807,0.0459759211998023,0.03853498365379192,0.3362400000855951,0.08805031446540881
109,2009.02,0.27245682467011445,0.30662796756062877,0.04420709560950994,0.021097700956907238,0.07922695454813254,0.03877227464648936,0.3362400000855951,0.08805031446540881
110,2009.03,0.3197237723003673,0.37138681112270133,0.062011399118334046,0.02965676635078547,0.06936260106667679,0.041258701443543946,0.3362400000855951,0.08805031446540881
111,2009.04,0.36589129133290743,0.40771270975597246,0.0930839299785788,0.031862455055072125,0.05978938723156798,0.049749615077452417,0.38915034029399775,0.1257861635220126
112,2009.05,0.3184539649185121,0.38281130329092816,0.06265113878390789,0.031127085728653532,0.08141190434923688,0.04681699585249531,0.38915034029399775,0.1257861635220126
113,2009.06,0.40159318850118747,0.430617326804742,0.09385371877752247,0.033908778951244806,0.09501729829770575,0.061921627168337615,0.38915034029399775,0.1257861635220126
114,2009.07,0.3958767246048847,0.4656448588161621,0.09460385733230753,0.03754119934908271,0.10235003761313577,0.06517661144064037,0.41897969577363514,0.2578616352201258
115,2009.08,0.3397929340958795,0.45519432983184754,0.08133154015661255,0.029544447538117816,0.0989053752562247,0.05942898651332128,0.41897969577363514,0.2578616352201258
116,2009.09,0.43405083275534534,0.5052763691030417,0.10392855734049411,0.03566450748190131,0.09319087294585783,0.09182806353668406,0.41897969577363514,0.2578616352201258
117,2009.1,0.4349531431900869,0.4921667848116034,0.08564254247684035,0.03861888077248101,0.10803994419327759,0.07766488439341425,0.4491169261089647,0.5283018867924529
118,2009.11,0.4353620963530522,0.49105838210870295,0.11307563588959263,0.03708572513085481,0.116553551694109,0.08468515465118324,0.4491169261089647,0.5283018867924529
119,2009.12,0.47361294288145034,0.5577634878703253,0.10120143210036181,0.044699978818087086,0.1118592094421842,0.08185470803141541,0.4491169261089647,0.5283018867924529
120,2010.01,0.373641987449864,0.5394904518765233,0.07333102559538958,0.0344256433847292,0.08808447492524031,0.06647537096809937,0.41549330057894385,0.6603773584905661
121,2010.02,0.41731334469723297,0.47632948815286885,0.10571737107450341,0.027993842212446954,0.10980554851304938,0.07266704044194845,0.41549330057894385,0.6603773584905661
122,2010.03,0.4982411064821088,0.6043616939607217,0.16756641541191342,0.038698523982045104,0.12640253736620335,0.08656456857780655,0.41549330057894385,0.6603773584905661
123,2010.04,0.5360002329878445,0.6150058625372721,0.19226235579552128,0.049170507500720585,0.12196709319536497,0.09231871598394405,0.47365275996032674,0.6981132075471699
124,2010.05,0.5281703577356435,0.5933414524169573,0.17546706400843032,0.04121333344627349,0.14447983307262563,0.09764594596560126,0.47365275996032674,0.6981132075471699
125,2010.06,0.5880883060878938,0.589451400488336,0.20412065761120515,0.04559240321054282,0.14372197850980256,0.10628122584781528,0.47365275996032674,0.6981132075471699
126,2010.07,0.5572787144945416,0.6127019164405763,0.21105080668070722,0.04935789100170593,0.12484110849004049,0.11580393678806052,0.4879701444310226,0.5660377358490566
127,2010.08,0.48254691166970914,0.5938032644650098,0.1655389499917787,0.044602937047729926,0.130663364252271,0.10997749124328364,0.4879701444310226,0.5660377358490566
128,2010.09,0.5380827637635625,0.6010333481253654,0.17468873553236913,0.049122846547217554,0.12098347878778867,0.10706779996601919,0.4879701444310226,0.5660377358490566
129,2010.1,0.6125643188889448,0.6459831177433235,0.23301856253435085,0.054895681996143086,0.13623777655268465,0.130461338441204,0.5300323763445117,0.5974842767295597
130,2010.11,0.573149500622867,0.6628715995447367,0.20241091851699608,0.05221161186993978,0.1357020290017978,0.14001751196003615,0.5300323763445117,0.5974842767295597
131,2010.12,0.6278225513585168,0.6969823201511418,0.19336162680939692,0.06022250861649256,0.13267189754479983,0.1308625242678857,0.5300323763445117,0.5974842767295597
132,2011.01,0.6338889313494126,0.6233628257971708,0.17412042328812455,0.05642371405906302,0.14726417336411035,0.1524413883746195,0.46994809727454523,0.5408805031446542
133,2011.02,0.5201995761167294,0.5913462111301333,0.14339957711631063,0.04289266319681639,0.12450522899375957,0.13327806167164852,0.46994809727454523,0.5408805031446542
134,2011.03,0.7018912448642,0.728947541031741,0.22053814657753687,0.06649471122843494,0.16325664743177926,0.17825205575944303,0.46994809727454523,0.5408805031446542
135,2011.04,0.71106027352879,0.6785294531142478,0.26240108726384753,0.06993061989187233,0.1668522612094279,0.20399588621073128,0.5116296985019788,0.44025157232704404
136,2011.05,0.6882123579305793,0.713075008478862,0.2695892960474046,0.06372977067740516,0.17877196325343453,0.1622013815661375,0.5116296985019788,0.44025157232704404
137,2011.06,0.6769450041550352,0.7011389124782319,0.250813488960774,0.06073370557131842,0.1427452625636549,0.1900244765242698,0.5116296985019788,0.44025157232704404
138,2011.07,0.7188959067983028,0.7509666366825511,0.2212281105997966,0.05898234277343088,0.18725042316580043,0.19044114284758595,0.5285031664835289,0.39622641509433965
139,2011.08,0.6590360139079804,0.7358171587694671,0.19074570026407653,0.06895946029024576,0.18634626804404206,0.19186038259931892,0.5285031664835289,0.39622641509433965
140,2011.09,0.6726626124194167,0.7392834336529606,0.2345983158111993,0.07794049648840821,0.14534666906501187,0.19096399311877604,0.5285031664835289,0.39622641509433965
141,2011.1,0.6746057531845334,0.751881522140809,0.21698456378180211,0.07276967488179975,0.203821995031811,0.18106806267869385,0.5744795015797646,0.3647798742138365
142,2011.11,0.6632161742713186,0.7059565841513504,0.29094580351124616,0.07522777245489412,0.17138152695338732,0.19699091789790263,0.5744795015797646,0.3647798742138365
143,2011.12,0.696029205530717,0.7407059771983031,0.21656211760420382,0.07861175224145031,0.15518143828272984,0.2157028029474169,0.5744795015797646,0.3647798742138365
144,2012.01,0.5720017147484656,0.6066845122799738,0.1722851925134689,0.0621425999443965,0.16118473023448585,0.17937075755858,0.5140258261799016,0.35220125786163525
145,2012.02,0.66897059640947,0.6567688309307753,0.31116171141098586,0.07488895841013762,0.18005454676296784,0.19819472232319646,0.5140258261799016,0.35220125786163525
146,2012.03,0.688183692717507,0.6952316473079612,0.340437671026347,0.0744060823219684,0.19644017786058646,0.18409150514478484,0.5140258261799016,0.35220125786163525
147,2012.04,0.6647734689843284,0.6541499769445318,0.28220175652026686,0.07350002287601529,0.17277294243387656,0.1373307848850216,0.5506741683634112,0.35220125786163525
148,2012.05,0.6795126909448465,0.6720480430842386,0.22831097630533206,0.07666201180693773,0.20013913884087411,0.16502634731259552,0.5506741683634112,0.35220125786163525
149,2012.06,0.6850142494091017,0.6800401384600196,0.2515767870332219,0.08194133888178609,0.16110046780828471,0.1900320451411875,0.5506741683634112,0.35220125786163525
150,2012.07,0.6377237508060539,0.7097100398125094,0.22507262498051364,0.08084193702150197,0.13588383883097102,0.1847836021872541,0.5601928778461707,0.3459119496855346
151,2012.08,0.6069697655772598,0.6965622242374478,0.18142855760647703,0.0826961277129325,0.15690587686783256,0.1720013900862909,0.5601928778461707,0.3459119496855346
152,2012.09,0.6518422751691132,0.7476855888246676,0.23638387703337901,0.08009170439742799,0.20130568752200226,0.1547904473242004,0.5601928778461707,0.3459119496855346
153,2012.1,0.6835955859884287,0.7957492153374282,0.20153774470154237,0.08253224309492899,0.18962494578087885,0.18104134953221207,0.5965504641928973,0.3584905660377359
154,2012.11,0.6971953051975274,0.793476014850619,0.26422623751709623,0.0922264572056497,0.18325325681301013,0.2077943479265505,0.5965504641928973,0.3584905660377359
155,2012.12,0.6416593104885991,0.762655658453087,0.21239742911178452,0.09031376338009975,0.16601562173735962,0.16124145382581062,0.5965504641928973,0.3584905660377359
156,2013.01,0.6567813169210103,0.7223181454209329,0.250035792716418,0.0896987472550976,0.13479047249644027,0.19944955683886756,0.5429411865405994,0.3459119496855346
157,2013.02,0.5934485413907943,0.6487662388970685,0.25390028803282577,0.08686166375780874,0.11035089960529959,0.14943286565895397,0.5429411865405994,0.3459119496855346
158,2013.03,0.6878593226524746,0.7407719642313679,0.2517069619630617,0.11140444861923762,0.16311278316899766,0.13343250702549259,0.5429411865405994,0.3459119496855346
159,2013.04,0.6659708571741213,0.7727707571213773,0.28590902017501446,0.10588179615203681,0.13077734331983343,0.11133830493086026,0.5903175364019888,0.3836477987421384
160,2013.05,0.7067165228323428,0.7971590786818228,0.32277616953494775,0.11367574877601974,0.14824775812167723,0.13582131048142032,0.5903175364019888,0.3836477987421384
161,2013.06,0.6760748057676201,0.7204406943856498,0.28083600532013936,0.10161352565020194,0.13698743836671173,0.14324142888506897,0.5903175364019888,0.3836477987421384
162,2013.07,0.659746049803943,0.8255909967698174,0.2679480070366708,0.10225899290595614,0.1382026833209046,0.1444318450899268,0.6084816179184772,0.42138364779874216
163,2013.08,0.6688787975649645,0.7966681358561651,0.2512028796324505,0.10716535689009667,0.1444816510693983,0.1382198521273218,0.6084816179184772,0.42138364779874216
164,2013.09,0.6373978141170763,0.7587941838316152,0.22895278581024028,0.11180771345791325,0.16491494603094367,0.1506971585580682,0.6084816179184772,0.42138364779874216
165,2013.1,0.7479036158301763,0.8447579758014905,0.29685923756595517,0.1365445511861055,0.1595540911461385,0.15644352358707758,0.6420873219755775,0.44654088050314467
166,2013.11,0.699086649168211,0.8282901873329567,0.27668359614144783,0.10537643091333439,0.1434793744785889,0.18833166044951466,0.6420873219755775,0.44654088050314467
167,2013.12,0.7005353197180711,0.83293851887922,0.2677382506604406,0.1105902823499104,0.1390236370517171,0.13027529890737133,0.6420873219755775,0.44654088050314467
168,2014.01,0.6546304045293009,0.7263684726964557,0.240312797224739,0.1053635486899081,0.1124990929020745,0.14214100176279565,0.5915565253955296,0.44025157232704404
169,2014.02,0.604440324988922,0.6750001791442379,0.2224728728903929,0.10532307431515496,0.11569660800839515,0.12567233287337043,0.5915565253955296,0.44025157232704404
170,2014.03,0.7210620285835666,0.7763164953488588,0.32925412727128395,0.12867958868717574,0.14000592131797449,0.1398924837667257,0.5915565253955296,0.44025157232704404
171,2014.04,0.7438655789330434,0.7921318859758626,0.3814436101242741,0.11066576206900275,0.13913369305240939,0.1345443713307642,0.6316984848598327,0.41509433962264153
172,2014.05,0.6928724376583565,0.7138078110887043,0.351954059707736,0.10281437366150428,0.140835901623527,0.13358289741046747,0.6316984848598327,0.41509433962264153
173,2014.06,0.6976210913936948,0.7118887827828719,0.3545677522748593,0.10367092676533644,0.15191918802080814,0.12208520019972043,0.6316984848598327,0.41509433962264153
174,2014.07,0.7047639057655685,0.760262907922532,0.3560489059071866,0.10980876293891509,0.13297566309977377,0.15685702899502119,0.6446942275738178,0.39622641509433965
175,2014.08,0.6650315500688703,0.7619559647606353,0.2832182669185139,0.10314316909229002,0.14017104931060295,0.118671571209318,0.6446942275738178,0.39622641509433965
176,2014.09,0.6903900313094619,0.8126921579795419,0.31540068954257156,0.11521539224765127,0.14168687478030775,0.13338642482433355,0.6446942275738178,0.39622641509433965
177,2014.1,0.7697047757866209,0.8754890816146705,0.42063960010297785,0.1313968762586436,0.14936561898966183,0.1484346112228091,0.6820126188568133,0.3647798742138365
178,2014.11,0.6744515057878949,0.7964521995138134,0.37478992883086887,0.11886392585841678,0.15796155844325555,0.11689994414886011,0.6820126188568133,0.3647798742138365
179,2014.12,0.7285867607052546,0.8456602257872659,0.36873042483567725,0.1292236086344041,0.15139412728404694,0.10833964836991396,0.6820126188568133,0.3647798742138365
180,2015.01,0.6460203664363989,0.7690128884406626,0.30579971319173543,0.13304937073920728,0.1313421868761509,0.09685044612428932,0.6469614276405821,0.35220125786163525
181,2015.02,0.5771542187982596,0.6161630663350908,0.25564064895866584,0.12040076295291217,0.10231870424055481,0.07656854429190084,0.6469614276405821,0.35220125786163525
182,2015.03,0.6785728083563031,0.7537077256963931,0.4203180006383578,0.15102344681070265,0.16153529550934104,0.0868066784427682,0.6469614276405821,0.35220125786163525
183,2015.04,0.6671840674677688,0.746449419650324,0.3655071576680929,0.15217729994981027,0.16999166656754927,0.10730067670110295,0.6927382191726593,0.32704402515723274
184,2015.05,0.5933627590297307,0.6870120248920701,0.31159245124308504,0.1382140324762924,0.16271222668914498,0.10335233589271682,0.6927382191726593,0.32704402515723274
185,2015.06,0.6734880295216438,0.7168943831234393,0.3932907755637518,0.150292429391268,0.15716761506530952,0.09513071358398816,0.6927382191726593,0.32704402515723274
186,2015.07,0.6572104090233241,0.7049380256950799,0.36364813325706097,0.163230127075855,0.16843547107918877,0.08672752378957073,0.7178924775821097,0.4088050314465409
187,2015.08,0.5323303336115174,0.6839485446541507,0.2591595809078589,0.1382755018522064,0.1569122334108827,0.06601735794859691,0.7178924775821097,0.4088050314465409
188,2015.09,0.6143077150915658,0.7662791368090367,0.2967722332922878,0.14769644121936007,0.17720373509834728,0.07953435543503447,0.7178924775821097,0.4088050314465409
189,2015.1,0.612786282971108,0.7980096862164112,0.3475676466279201,0.1484340019005521,0.16655608235061195,0.08771172921832084,0.7467246502102965,0.41509433962264153
190,2015.11,0.6304711249872631,0.7354717839191571,0.30191064671464435,0.1340295933679885,0.18525128667027585,0.0783339648598567,0.7467246502102965,0.41509433962264153
191,2015.12,0.5943584827745564,0.6914504398669232,0.3355915486263969,0.13582394496863034,0.188965257645545,0.08138573715037108,0.7467246502102965,0.41509433962264153
192,2016.01,0.4783667349105654,0.584470229049247,0.25744827488167915,0.12153150323781707,0.1267340253576937,0.05967474632780602,0.6983441628960244,0.37735849056603776
193,2016.02,0.4720002439556337,0.5250171525335676,0.27432413350536894,0.1429988391295998,0.13132007401193127,0.05191225772160664,0.6983441628960244,0.37735849056603776
194,2016.03,0.6061601484777207,0.6511008803461515,0.39709914476583796,0.17289164712765678,0.14404383733845402,0.0806012690680157,0.6983441628960244,0.37735849056603776
195,2016.04,0.569749796272394,0.5938902475075576,0.3301432066809949,0.17205913526341532,0.15235286033834555,0.058424491185549196,0.7544632492111878,0.4276729559748428
196,2016.05,0.5442034472306042,0.6162158306839345,0.3158081478366918,0.16416679018633726,0.17056425498026515,0.0798551855529477,0.7544632492111878,0.4276729559748428
197,2016.06,0.6479856288012634,0.6342356881108382,0.3514404732913505,0.1654935285294995,0.2006814171286164,0.08871587424159048,0.7544632492111878,0.4276729559748428
198,2016.07,0.5659616568489348,0.6307893529078406,0.2806443943652029,0.175103867518625,0.1800435716669572,0.08196881567611737,0.767727011564967,0.37735849056603776
199,2016.08,0.551614681104767,0.6428597982616777,0.2368175344151944,0.17078180345949795,0.2167541185623742,0.07736575923312174,0.767727011564967,0.37735849056603776
200,2016.09,0.565289745446392,0.6888648628665195,0.26596191185134904,0.1737429554360163,0.18736890009144808,0.09010969223046826,0.767727011564967,0.37735849056603776
201,2016.1,0.5868426925270883,0.6984152730240305,0.2909860924534495,0.1795171037557654,0.19509706764366283,0.08486723877126177,0.8051502568387805,0.3647798742138365
202,2016.11,0.6498824140185074,0.7370319366084146,0.3207969197200445,0.18778998504552805,0.19453358879348503,0.09878653596852195,0.8051502568387805,0.3647798742138365
203,2016.12,0.6453283377597162,0.7668442484326683,0.3224812261102186,0.1990779951411353,0.2193889262021858,0.09457342744131807,0.8051502568387805,0.3647798742138365
204,2017.01,0.5541206574190541,0.6747897912581426,0.24810560176086918,0.17339686034702992,0.17572073976270394,0.08703588102753261,0.7506232392821566,0.39622641509433965
205,2017.02,0.6092700078749952,0.7005509788462776,0.2826742545602033,0.19847820544963987,0.18645167898402087,0.0801402873635458,0.7506232392821566,0.39622641509433965
206,2017.03,0.7129767149284253,0.7386431299348004,0.3651591961838185,0.27237605191409886,0.21617598003852173,0.10855630644360768,0.7506232392821566,0.39622641509433965
207,2017.04,0.7547901347249675,0.6630905424764044,0.3498161954912287,0.28437738081665964,0.18432665297992526,0.08527804388835301,0.8071010225403983,0.37106918238993714
208,2017.05,0.642638658652671,0.6675483343044715,0.3023049029709665,0.26098723982044353,0.18801875981265698,0.09129147951596354,0.8071010225403983,0.37106918238993714
209,2017.06,0.7629151169603492,0.6691709512525572,0.3447406246934645,0.2716337421079038,0.21413199927346482,0.10491702769102242,0.8071010225403983,0.37106918238993714
210,2017.07,0.7166275355390318,0.6773682204938343,0.315026823455032,0.22775482123068397,0.19040216179984717,0.08963584501038595,0.8587108522810558,0.44654088050314467
211,2017.08,0.6839331407072077,0.7568597607819172,0.34212736391924287,0.2353665775953049,0.22133757276021765,0.08519029188204895,0.8587108522810558,0.44654088050314467
212,2017.09,0.8357539615953307,0.8722736660810708,0.4020157982292445,0.29835764847544394,0.26493247340035186,0.11828161544243183,0.8587108522810558,0.44654088050314467
213,2017.1,0.6400657408996117,0.8042091908758062,0.22830693327177418,0.24242205124874627,0.25113083675549297,0.06420708407810959,0.8631422708164596,0.3836477987421384
214,2017.11,0.7332461956134896,0.9048952600366988,0.3819317360778465,0.2775884066933694,0.2587417783224028,0.11859932155321028,0.8631422708164596,0.3836477987421384
215,2017.12,0.7206023294361797,0.894083664308087,0.2811053519019709,0.25494001752038714,0.2775108431520587,0.11292175048466856,0.8631422708164596,0.3836477987421384
216,2018.01,0.7240359992802684,0.8609761558994597,0.26849202849317627,0.26895997965103724,0.23277503174273806,0.12377141423250422,0.7955895522627596,0.389937106918239
217,2018.02,0.6349913977202505,0.7292263047061376,0.2241946866817838,0.2271930793279049,0.20079704604194704,0.11262330780301845,0.7955895522627596,0.389937106918239
218,2018.03,0.7636255316847129,0.8748244069790014,0.3538039253930439,0.2637711440111312,0.28861915504356006,0.12535262044373674,0.7955895522627596,0.389937106918239
219,2018.04,0.7359574437721631,0.8364257819039562,0.3411311748962847,0.2334090217982007,0.26572817168822993,0.11558378950993194,0.8575930338432305,0.39622641509433965
220,2018.05,0.7518322717413641,0.8943342968967118,0.3607126288103189,0.23705392636546813,0.29786029280180165,0.11809499525136712,0.8575930338432305,0.39622641509433965
221,2018.06,0.7592554103349891,0.8916648384290411,0.38563844882761045,0.2469328051847786,0.3079975422304715,0.12336659755793129,0.8575930338432305,0.39622641509433965
222,2018.07,0.7731089977785559,0.8850719765467234,0.3605871888410412,0.24566032983253958,0.290885197862115,0.12039981077467012,0.8910751599825815,0.35220125786163525
223,2018.08,0.7611712351196585,0.9332942366377863,0.35097100532166275,0.2738360265823875,0.2848941350083981,0.1096657785123097,0.8910751599825815,0.35220125786163525
224,2018.09,0.7511206800635379,0.9466920776001504,0.3298946540235533,0.24770965019431598,0.3515207184504222,0.11447333168371264,0.8910751599825815,0.35220125786163525
225,2018.1,0.8309218409847006,0.9592040825767119,0.43750243568192804,0.26711768093529537,0.2682472003115382,0.13840468380669763,0.9024828462080838,0.39622641509433965
226,2018.11,0.7668402085750792,0.8735551371099324,0.424579923674712,0.2845735433052998,0.2065844390330579,0.13376064448885083,0.9024828462080838,0.39622641509433965
227,2018.12,0.704806509176022,0.7562735304467845,0.387392829421884,0.25729601488637266,0.18763399881132317,0.11103951752950687,0.9024828462080838,0.39622641509433965
228,2019.01,0.6661795301340535,0.6805759355011163,0.36595187929042655,0.2527693597542185,0.13514678415260303,0.12647626430447545,0.8091052851761065,0.3144654088050315
229,2019.02,0.5394270473760762,0.5881317368790877,0.2947437367124542,0.22390758465935648,0.14271851358206705,0.1004929830810669,0.8091052851761065,0.3144654088050315
230,2019.03,0.6819928946641837,0.7235637805137174,0.3761349696614572,0.25532579293392443,0.21967112774039693,0.09768781601412406,0.8091052851761065,0.3144654088050315
231,2019.04,0.7156933802043409,0.7935296128076286,0.3612149616880295,0.26379860928676574,0.16528703092811825,0.09894559509490546,0.8760192503367632,0.33333333333333337
232,2019.05,0.6573658650277546,0.6932059673435094,0.39295256595180394,0.2285364709255884,0.19371290344360012,0.11969006503847525,0.8760192503367632,0.33333333333333337
233,2019.06,0.6252273529758746,0.6512734465933168,0.36963846701880126,0.2247198782100256,0.18785517958274803,0.09719947777812395,0.8760192503367632,0.33333333333333337
234,2019.07,0.6644600913116999,0.7236549230908889,0.3570173720804852,0.2653260339797342,0.17896396495105998,0.12063887182493759,0.8954653858787354,0.32704402515723274
235,2019.08,0.6254483862122485,0.7125774825587854,0.31120826743120084,0.2822855825631151,0.16419022277537548,0.09619144549183743,0.8954653858787354,0.32704402515723274
236,2019.09,0.6369915554388762,0.7178649741638425,0.31778805002930316,0.2658619549107071,0.18415693825975404,0.10164687291890682,0.8954653858787354,0.32704402515723274
237,2019.1,0.6752744025041694,0.7803407750628295,0.3797190895270688,0.26456855838056864,0.15619021869978833,0.10666630624693292,0.92191373512384,0.3459119496855346
238,2019.11,0.6258399259305004,0.7551908340648146,0.37111072642292703,0.25447177959464834,0.15423659029561004,0.10974457533366681,0.92191373512384,0.3459119496855346
239,2019.12,0.6566909435259313,0.7841141248253984,0.38534900637574876,0.24336731168249875,0.16669105910364332,0.10050685645057576,0.92191373512384,0.3459119496855346
240,2020.01,0.6080668555265712,0.5959175542129787,0.3223994615612515,0.25636665847820506,0.13321721890646993,0.11171462221355778,0.817962772553505,0.11949685534591195
241,2020.02,0.5665325453732616,0.5379975398224066,0.3401524988772377,0.2467218379812279,0.161675618851977,0.09796240626147652,0.817962772553505,0.11949685534591195
242,2020.03,0.6661467310550938,0.6669069572449127,0.4654516535360814,0.2510185806616829,0.21209847102300267,0.11576966190448608,0.817962772553505,0.11949685534591195
243,2020.04,0.47855178225414,0.6320309054471638,0.2794038481595446,0.16842670560551673,0.1481716518651844,0.07526833635892648,0.85574685464776,0.0
244,2020.05,0.4517181713867909,0.6740118957629044,0.21554305330551957,0.18153652100232454,0.1467971725022989,0.05884388977066936,0.85574685464776,0.0
245,2020.06,0.5343522578517143,0.7235963025737948,0.32195079550008404,0.2192278045209409,0.1448077078720724,0.06435632237567983,0.85574685464776,0.0
246,2020.07,0.6020408415347188,0.7436527840494997,0.4019280267363683,0.26418225475773743,0.1203728299148947,0.07644979098464703,0.906176809507047,0.339622641509434
247,2020.08,0.5391887351785024,0.6877495931036974,0.3076917383338424,0.2580157767020657,0.12976989900632405,0.057197250433962996,0.906176809507047,0.339622641509434
248,2020.09,0.6974739721540139,0.7761954629569869,0.43911690265713377,0.30231405987592447,0.19859781597448956,0.08918666479588415,0.906176809507047,0.339622641509434
249,2020.1,0.6405831223858865,0.7295588588613344,0.3987000439186762,0.28385380759783346,0.1765695217999034,0.07036237287535303,0.9086339236898333,0.2704402515723271
250,2020.11,0.6582744580887169,0.7651785157249487,0.40817548384080116,0.2836700121131329,0.16884759170727706,0.08645488627937743,0.9086339236898333,0.2704402515723271
251,2020.12,0.764052350437527,0.8134120321489977,0.45397977953706103,0.331007451313724,0.20644963196187383,0.10339567450059535,0.9086339236898333,0.2704402515723271
252,2021.01,0.7010189950108668,0.7479663634369944,0.5704651992099148,0.29243059745519545,0.15318340649176787,0.0956962083291814,0.9331034213429228,0.3081761006289308
253,2021.02,0.6384672577436324,0.7069779946675319,0.38329119615473317,0.2452091841139201,0.15920233729264519,0.09204287085650718,0.9331034213429228,0.3081761006289308
254,2021.03,0.8087563180303561,0.8628768704151448,0.529467740093806,0.26444211945442014,0.23060003975226712,0.11010588172849207,0.9331034213429228,0.3081761006289308
255,2021.04,0.7620344722461465,0.8623763704419893,0.49107646409901484,0.2726673931003346,0.19699785763623343,0.11613162010202803,0.9598117656877083,0.25157232704402516
256,2021.05,0.7525413928651132,0.8514424050041878,0.48093723120503096,0.2619174752913148,0.20570380482868345,0.10577965244725117,0.9598117656877083,0.25157232704402516
257,2021.06,0.8293788412910799,0.8389440248427256,0.598769095522807,0.2885499293640064,0.2361452015932609,0.12483910083406168,0.9598117656877083,0.25157232704402516
258,2021.07,0.8423175619372125,0.8755125112496256,0.5993994303472016,0.31118969240464084,0.1878929706951504,0.12224162111555496,0.9779691600874354,0.22012578616352202
259,2021.08,0.7987897432183062,0.8964203008168494,0.5047232447794333,0.30580750830564196,0.23168049995335366,0.11883945949844181,0.9779691600874354,0.22012578616352202
260,2021.09,0.8508916055697959,0.9255294205588718,0.5306911881918073,0.3219717080918681,0.2668302287789158,0.12029942109637064,0.9779691600874354,0.22012578616352202
261,2021.1,0.8460867865909143,0.9343111473002281,0.5383827366890285,0.30932079127086193,0.17720135020628597,0.12626188272441263,1.0,0.27672955974842767
262,2021.11,0.9346083963043677,0.9950370799722157,0.5445897236300702,0.346189046706398,0.2169163092703747,0.14233369084986192,1.0,0.27672955974842767
263,2021.12,0.9422580234073965,1.0,0.6052971230393549,0.35510994884225594,0.23397225094148133,0.13418481589187709,1.0,0.27672955974842767
264,2022.01,0.8422428584967048,0.8601732391163961,1.0,1.0,1.0,1.0,1.0,0.27672955974842767
265,2022.02,0.8147723025658815,0.5198010121875918,0.5081844191594215,0.6138291220676578,0.7304977283259758,0.6932667181060717,1.0,0.27672955974842767
267,2022.03,1.0,0.28855423558325766,0.2755676963196611,0.3885677481129135,0.0,0.3148330708382096,1.0,0.27672955974842767
268,2022.04,0.8877455970320898,0.08948007823959869,0.01355148414483098,0.1769809353185471,0.14204527780955278,0.12825725100265256,1.0,0.27672955974842767
269,2022.05,0.9569553054473714,0.09812717577357799,0.019771674423412846,0.17257303204037364,0.16898865323846254,0.1437767774510934,1.0,0.27672955974842767
